HOSPITAL_NAME,COPD_COUNT,PCT_OF_COPD_CASES_OVER_BEDS,AVG_SCORE,AVG_RISK
BJC,184,9.2,5.369565217391305,0.5177717391304346
BJC WEST COUNTY,171,17.1,5.286549707602339,0.5338011695906432
MISSOURI BAPTIST,161,20.125,5.217391304347826,0.5203726708074535
SAINT LOUIS UNIVERSITY,164,16.400000000000002,5.530487804878049,0.5003658536585365
ST.MARY'S,156,31.2,5.352564102564102,0.5344871794871793
ST.LUKE'S,164,20.5,5.378048780487805,0.5075
